<?xml version="1.0" encoding="utf-8" standalone="yes"?>
<rss version="2.0" xmlns:atom="http://www.w3.org/2005/Atom">
  <channel>
    <title>Basics on Solc0nf Knowledge base</title>
    <link>https://solc0nf.github.io/basics/index.html</link>
    <description>Recent content in Basics on Solc0nf Knowledge base</description>
    <generator>Hugo -- gohugo.io</generator>
    <language>en-us</language><atom:link href="https://solc0nf.github.io/basics/index.xml" rel="self" type="application/rss+xml" />
  </channel>
</rss>