<?xml version="1.0" encoding="utf-8" standalone="yes"?>
<rss version="2.0" xmlns:atom="http://www.w3.org/2005/Atom">
  <channel>
    <title>Categories on solc0nf</title>
    <link>https://solc0nf.github.io/categories/index.html</link>
    <description>Recent content in Categories on solc0nf</description>
    <generator>Hugo -- gohugo.io</generator>
    <language>en-us</language><atom:link href="https://solc0nf.github.io/categories/index.xml" rel="self" type="application/rss+xml" />
  </channel>
</rss>