<?xml version="1.0" encoding="utf-8" standalone="yes"?>
<rss version="2.0" xmlns:atom="http://www.w3.org/2005/Atom">
  <channel>
    <title>Tags on solc0nf</title>
    <link>https://solc0nf.github.io/tags/index.html</link>
    <description>Recent content in Tags on solc0nf</description>
    <generator>Hugo -- gohugo.io</generator>
    <language>en-us</language>
    <lastBuildDate>Thu, 09 Mar 2023 15:38:15 +0400</lastBuildDate><atom:link href="https://solc0nf.github.io/tags/index.xml" rel="self" type="application/rss+xml" />
    <item>
      <title>exploit</title>
      <link>https://solc0nf.github.io/tags/exploit/index.html</link>
      <pubDate>Thu, 09 Mar 2023 15:38:15 +0400</pubDate>
      <guid>https://solc0nf.github.io/tags/exploit/index.html</guid>
      <description></description>
    </item>
    <item>
      <title>linux</title>
      <link>https://solc0nf.github.io/tags/linux/index.html</link>
      <pubDate>Thu, 09 Mar 2023 15:38:15 +0400</pubDate>
      <guid>https://solc0nf.github.io/tags/linux/index.html</guid>
      <description></description>
    </item>
    <item>
      <title>bash</title>
      <link>https://solc0nf.github.io/tags/bash/index.html</link>
      <pubDate>Wed, 08 Mar 2023 07:17:41 +0400</pubDate>
      <guid>https://solc0nf.github.io/tags/bash/index.html</guid>
      <description></description>
    </item>
    <item>
      <title>samba</title>
      <link>https://solc0nf.github.io/tags/samba/index.html</link>
      <pubDate>Tue, 07 Mar 2023 19:31:16 +0400</pubDate>
      <guid>https://solc0nf.github.io/tags/samba/index.html</guid>
      <description></description>
    </item>
    <item>
      <title>dirtycow</title>
      <link>https://solc0nf.github.io/tags/dirtycow/index.html</link>
      <pubDate>Mon, 06 Mar 2023 08:19:38 +0400</pubDate>
      <guid>https://solc0nf.github.io/tags/dirtycow/index.html</guid>
      <description></description>
    </item>
    <item>
      <title>eternalblue</title>
      <link>https://solc0nf.github.io/tags/eternalblue/index.html</link>
      <pubDate>Sat, 04 Mar 2023 17:23:17 +0400</pubDate>
      <guid>https://solc0nf.github.io/tags/eternalblue/index.html</guid>
      <description></description>
    </item>
  </channel>
</rss>